{
"artist": {
"name": "Drake",
"age": 37,
"nationality": "Canadian",
"genre": ["Hip-Hop", "R&B", "Pop"],
"albums": [
{
"title": "Take Care",
"release_year": 2011,
"hit_songs": ["Headlines", "Crew Love", "Marvins Room"]
},
{
"title": "Nothing Was the Same",
"release_year": 2013,
"hit_songs": ["Started From the Bottom", "Hold On, We're Going Home", "Worst Behavior"]
},
{
"title": "Views",
"release_year": 2016,
"hit_songs": ["One Dance", "Hotline Bling", "Controlla"]
},
{
"title": "Scorpion",
"release_year": 2018,
"hit_songs": ["God's Plan", "Nice for What", "Nonstop"]
},
{
"title": "Certified Lover Boy",
"release_year": 2021,
"hit_songs": ["Way 2 Sexy", "Fair Trade", "Knife Talk"]
}
{
  "title": "Some Sexy Songs 4 U",
  "release_year": 2025,
  "hit_songs": ["CN Towers", "Gimme A Hug", "Moth Balls"]
}
],

"awards": {
"Grammy_Wins": 4,
"Billboard_Music_Awards": 27,
"American_Music_Awards": 20
},
"social_media": {
"instagram": "@champagnepapi",
"twitter": "@Drake",
"youtube": "DrakeOfficial"
}
}
}